房屋总价,房屋单价,小区名称,所在区域,房屋户型,户型结构,所在楼层,套内面积,房屋朝向,装修情况,配备电梯,建筑面积,建筑类型,楼层高度,建筑结构,梯户比例,挂牌时间,上次交易,房屋年限,抵押信息,房源核验码,交易权属,房屋用途,产权所属,房本备件
57万,7447,鉴山墅,都江堰都江堰,2室2厅1卫,平层,高楼层 (共12层)咨询楼层,暂无咨询套内面积,东南,其他,,76.55㎡,塔楼,暂无数据实际层高需现场测量，具体数据以实际测量为准,框架结构,暂无数据,2025年04月18日,2024年04月25日,未满两年,无抵押,20251537947,商品房,普通住宅,非共有,已上传房本照片
139.8万,15715,城投东庐,成华万年场,3室2厅2卫,平层,中楼层 (共27层)咨询楼层,暂无咨询套内面积,西,简装,有,88.96㎡,塔楼,暂无数据实际层高需现场测量，具体数据以实际测量为准,钢混结构,两梯六户,2025年04月17日,2021年01月27日,满两年,有抵押,20251552438,限价商品房,普通住宅,非共有,已上传房本照片
116万,12758,贵通御苑雙楠城,双流蛟龙港,3室2厅2卫,平层,低楼层 (共16层)咨询楼层,暂无咨询套内面积,南,精装,有,90.93㎡,板塔结合,暂无数据实际层高需现场测量，具体数据以实际测量为准,钢混结构,两梯四户,2025年04月17日,2020年03月31日,满五年,有抵押 26万元,20251552057,商品房,普通住宅,非共有,已上传房本照片
76万,9818,肖家河北街88号,高新衣冠庙,2室1厅1卫,平层,中楼层 (共7层)咨询楼层,暂无咨询套内面积,西南,其他,,77.41㎡,板楼,暂无数据实际层高需现场测量，具体数据以实际测量为准,框架结构,暂无数据,2025年04月17日,2010年03月24日,满五年,无抵押,20251551930,已购公房,普通住宅,非共有,已上传房本照片
195万,26143,南山御峯,武侯丽都,2室1厅1卫,平层,中楼层 (共18层)咨询楼层,暂无咨询套内面积,西南,毛坯,有,74.59㎡,板楼,暂无数据实际层高需现场测量，具体数据以实际测量为准,钢混结构,两梯五户,2025年04月17日,2024年07月19日,未满两年,无抵押,20251552267,商品房,普通住宅,非共有,已上传房本照片
65万,7676,八二一小区,新都新都城区,2室2厅1卫,平层,中楼层 (共18层)咨询楼层,暂无咨询套内面积,北,其他,,84.69㎡,板塔结合,暂无数据实际层高需现场测量，具体数据以实际测量为准,钢混结构,暂无数据,2025年04月17日,2025年04月17日,未满两年,暂无数据,20251552341,商品房,普通住宅,共有,已上传房本照片
125万,16998,优品道珑苑,新都大丰,3室2厅1卫,平层,中楼层 (共32层)咨询楼层,暂无咨询套内面积,南,其他,有,73.54㎡,板塔结合,暂无数据实际层高需现场测量，具体数据以实际测量为准,钢混结构,两梯六户,2025年04月17日,2019年11月16日,满五年,有抵押 业主自还,20251552546,商品房,普通住宅,共有,已上传房本照片
46.6万,5375,三和人家,崇州崇州城区,2室1厅1卫,平层,中楼层 (共6层)咨询楼层,暂无咨询套内面积,东南,其他,,86.7㎡,板楼,暂无数据实际层高需现场测量，具体数据以实际测量为准,钢混结构,暂无数据,2025年04月17日,2010年01月12日,满五年,无抵押,20251550520,商品房,普通住宅,共有,已上传房本照片
255万,18259,复地御香山3悦,天府新区锦江生态带,4室2厅2卫,平层,中楼层 (共33层)咨询楼层,暂无咨询套内面积,南 北,其他,有,139.66㎡,板塔结合,暂无数据实际层高需现场测量，具体数据以实际测量为准,钢混结构,两梯四户,2025年04月16日,2020年03月17日,满五年,无抵押,20230422892,商品房,普通住宅,非共有,已上传房本照片
63万,13723,水木光华,青羊西南财大,1室0厅1卫,平层,中楼层 (共11层)咨询楼层,暂无咨询套内面积,东,精装,有,45.91㎡,塔楼,暂无数据实际层高需现场测量，具体数据以实际测量为准,框架结构,两梯四十一户,2025年04月16日,2021年04月13日,满两年,无抵押,20251550156,商品房,普通住宅,非共有,已上传房本照片
255万,17511,金林俊景,武侯五大花园,3室2厅2卫,平层,低楼层 (共14层)咨询楼层,暂无咨询套内面积,北 南,精装,有,145.63㎡,板塔结合,暂无数据实际层高需现场测量，具体数据以实际测量为准,框架结构,两梯两户,2025年04月16日,2022年06月22日,满两年,无抵押,20251550027,商品房,普通住宅,共有,已上传房本照片
138万,19476,中海右岸,双流华府,2室1厅1卫,平层,低楼层 (共33层)咨询楼层,暂无咨询套内面积,北,精装,有,70.86㎡,板塔结合,暂无数据实际层高需现场测量，具体数据以实际测量为准,钢混结构,两梯六户,2025年04月16日,2022年02月23日,满两年,有抵押 95万元 银行 客户偿还,20251549608,商品房,普通住宅,非共有,已上传房本照片
79万,15266,锦江城市花园一期,锦江三圣乡,2室1厅1卫,平层,高楼层 (共34层)咨询楼层,42.22㎡,南,简装,有,51.75㎡,板塔结合,暂无数据实际层高需现场测量，具体数据以实际测量为准,钢混结构,两梯八户,2025年04月16日,2014年12月05日,满五年,无抵押,20251552239,商品房,普通住宅,非共有,已上传房本照片
126万,16343,天鹅湖北苑,高新新会展,2室2厅1卫,平层,中楼层 (共31层)咨询楼层,57.24㎡,南,简装,有,77.1㎡,板塔结合,暂无数据实际层高需现场测量，具体数据以实际测量为准,框架结构,三梯九户,2025年04月16日,2008年11月26日,满五年,无抵押,20251552479,商品房,普通住宅,非共有,已上传房本照片
64万,7316,丽水印象,都江堰都江堰,3室2厅1卫,平层,高楼层 (共11层)咨询楼层,暂无咨询套内面积,西南,简装,有,87.49㎡,板楼,暂无数据实际层高需现场测量，具体数据以实际测量为准,钢混结构,一梯三户,2025年04月16日,2017年03月17日,满五年,无抵押,20251550095,商品房,普通住宅,共有,已上传房本照片
408万,34819,天悦府,高新大源,3室1厅2卫,平层,中楼层 (共31层)咨询楼层,暂无咨询套内面积,南,精装,有,117.18㎡,塔楼,暂无数据实际层高需现场测量，具体数据以实际测量为准,钢混结构,三梯五户,2025年04月16日,2016年06月30日,满五年,无抵押,20251549293,商品房,普通住宅,共有,已上传房本照片
48万,5841,昕苑,简阳城西片区,2室1厅1卫,平层,高楼层 (共28层)咨询楼层,暂无咨询套内面积,东 东南 南,精装,有,82.19㎡,板塔结合,暂无数据实际层高需现场测量，具体数据以实际测量为准,钢混结构,两梯七户,2025年04月16日,2019年03月22日,满五年,无抵押,20251550114,商品房,普通住宅,共有,已上传房本照片
142万,18028,雄飞新园紫郡,高新市一医院,2室1厅1卫,平层,高楼层 (共17层)咨询楼层,62.58㎡,东南,其他,有,78.77㎡,板塔结合,暂无数据实际层高需现场测量，具体数据以实际测量为准,框架结构,两梯五户,2025年04月16日,2016年11月18日,满五年,暂无数据,20251549113,商品房,普通住宅,共有,已上传房本照片
89万,9576,招商依云上城四期,龙泉驿西河,3室1厅1卫,平层,低楼层 (共40层)咨询楼层,暂无咨询套内面积,北,其他,有,92.95㎡,塔楼,暂无数据实际层高需现场测量，具体数据以实际测量为准,钢混结构,三梯六户,2025年04月16日,2024年06月07日,未满两年,有抵押 22万元 广发银行 业主自还,20251549442,商品房,普通住宅,非共有,已上传房本照片
272万,19098,华都美林湾,锦江三圣乡,3室2厅2卫,平层,高楼层 (共28层)咨询楼层,暂无咨询套内面积,东南 西北,毛坯,有,142.43㎡,塔楼,暂无数据实际层高需现场测量，具体数据以实际测量为准,框架结构,两梯四户,2025年04月16日,2010年12月30日,满五年,有抵押 9万元 业主自还,20251549822,商品房,普通住宅,非共有,已上传房本照片
135万,27356,财富中心,锦江盐市口,1室1厅1卫,平层,高楼层 (共30层)咨询楼层,暂无咨询套内面积,东南,其他,有,49.35㎡,板塔结合,暂无数据实际层高需现场测量，具体数据以实际测量为准,框架结构,六梯六十九户,2025年04月16日,2008年01月09日,满五年,无抵押,20251551777,商品房,普通住宅,非共有,已上传房本照片
210万,14131,中南樾府,金牛天回镇,4室2厅2卫,平层,高楼层 (共11层)咨询楼层,暂无咨询套内面积,南,毛坯,,148.61㎡,板楼,暂无数据实际层高需现场测量，具体数据以实际测量为准,钢混结构,暂无数据,2025年04月16日,2023年12月30日,未满两年,有抵押,20251550971,商品房,普通住宅,共有,已上传房本照片
91.6万,9865,阳光西里,都江堰都江堰,3室1厅2卫,平层,高楼层 (共6层)咨询楼层,暂无咨询套内面积,东 东南 南 西南,其他,有,92.86㎡,板楼,暂无数据实际层高需现场测量，具体数据以实际测量为准,框架结构,一梯三户,2025年04月16日,2019年12月20日,满五年,无抵押,20251549449,商品房,普通住宅,共有,已上传房本照片
105万,11415,蜀镇观澜湖,双流蛟龙港,3室2厅1卫,平层,中楼层 (共12层)咨询楼层,暂无咨询套内面积,南,其他,有,91.99㎡,板塔结合,暂无数据实际层高需现场测量，具体数据以实际测量为准,钢混结构,两梯四户,2025年04月16日,2018年10月18日,满五年,无抵押,20251549504,商品房,普通住宅,非共有,已上传房本照片
145万,30508,财富中心,锦江盐市口,2室1厅1卫,平层,中楼层 (共30层)咨询楼层,暂无咨询套内面积,西南,精装,有,47.53㎡,板塔结合,暂无数据实际层高需现场测量，具体数据以实际测量为准,框架结构,六梯六十九户,2025年04月16日,2017年04月06日,满五年,有抵押 102万元 金融公司垫资,20251552815,商品房,普通住宅,非共有,已上传房本照片
150万,16938,千禧河畔C区,温江花都大道,3室2厅2卫,平层,高楼层 (共33层)咨询楼层,暂无咨询套内面积,南,其他,有,88.56㎡,板塔结合,暂无数据实际层高需现场测量，具体数据以实际测量为准,钢混结构,两梯六户,2025年04月16日,2018年08月27日,满五年,有抵押 96万元 兴业银行 金融公司垫资,20251548415,商品房,普通住宅,非共有,已上传房本照片
95万,10615,东润豪庭一期,成华龙潭寺,2室2厅1卫,平层,高楼层 (共15层)咨询楼层,71.88㎡,北,精装,有,89.5㎡,塔楼,暂无数据实际层高需现场测量，具体数据以实际测量为准,钢混结构,两梯五户,2025年04月16日,2021年01月26日,满两年,无抵押,20251548606,商品房,普通住宅,共有,已上传房本照片
108万,12047,常青藤二期,新都大丰,3室2厅1卫,平层,低楼层 (共26层)咨询楼层,暂无咨询套内面积,西,精装,有,89.65㎡,塔楼,暂无数据实际层高需现场测量，具体数据以实际测量为准,框架结构,两梯五户,2025年04月16日,2025年01月01日,未满两年,有抵押 31万元 业主自还,20251548700,商品房,普通住宅,非共有,已上传房本照片
137万,10684,玉双苑(成华),成华猛追湾,3室2厅2卫,平层,中楼层 (共7层)咨询楼层,暂无咨询套内面积,南,简装,,128.23㎡,板楼,暂无数据实际层高需现场测量，具体数据以实际测量为准,混合结构,暂无数据,2025年04月16日,2023年04月07日,满两年,无抵押,20251537878,商品房,普通住宅,非共有,已上传房本照片
102万,11999,青龙鹭苑,成华驷马桥,2室2厅1卫,平层,低楼层 (共18层)咨询楼层,78㎡,西北,其他,有,85.01㎡,板楼,暂无数据实际层高需现场测量，具体数据以实际测量为准,钢混结构,两梯四户,2025年04月16日,2025年03月18日,未满两年,无抵押,20251548316,拆迁安置房,普通住宅,非共有,已上传房本照片
155万,19395,新加坡花园,武侯桐梓林,2室2厅1卫,平层,高楼层 (共11层)咨询楼层,暂无咨询套内面积,北,精装,有,79.92㎡,板塔结合,暂无数据实际层高需现场测量，具体数据以实际测量为准,框架结构,一梯四户,2025年04月16日,2009年02月25日,满五年,有抵押 89万元 大连银行成都分行 业主自还,20251547419,商品房,普通住宅,非共有,已上传房本照片
93.8万,8489,隆腾公元壹号,崇州崇州城区,3室2厅2卫,平层,高楼层 (共32层)咨询楼层,暂无咨询套内面积,东,精装,,110.5㎡,板塔结合,暂无数据实际层高需现场测量，具体数据以实际测量为准,钢混结构,暂无数据,2025年04月16日,2019年09月06日,满五年,有抵押 26万元 农业银行,20251518217,商品房,普通住宅,共有,已上传房本照片
79万,11515,天合凯旋港,金牛花牌坊,1室1厅1卫,平层,中楼层 (共24层)咨询楼层,暂无咨询套内面积,南 北,简装,有,68.61㎡,塔楼,暂无数据实际层高需现场测量，具体数据以实际测量为准,框架结构,四梯十九户,2025年04月16日,2025年04月16日,未满两年,无抵押,20251552854,商品房,普通住宅,非共有,已上传房本照片
260万,18961,锦蓉佳苑,锦江三圣乡,4室1厅2卫,平层,低楼层 (共30层)咨询楼层,暂无咨询套内面积,东南,简装,有,137.13㎡,塔楼,暂无数据实际层高需现场测量，具体数据以实际测量为准,钢混结构,两梯五户,2025年04月16日,2019年04月11日,满五年,无抵押,20251548099,商品房,普通住宅,非共有,已上传房本照片
146万,14724,融创天府逸家三期,龙泉驿大面,3室1厅2卫,平层,低楼层 (共41层)咨询楼层,暂无咨询套内面积,东,精装,有,99.16㎡,塔楼,暂无数据实际层高需现场测量，具体数据以实际测量为准,钢混结构,三梯六户,2025年04月16日,2023年01月01日,满两年,有抵押 60万元 中国银行双流银行 客户偿还,20251549237,商品房,普通住宅,非共有,已上传房本照片
128万,8907,桃园柳岸,郫都区郫县城区,3室2厅2卫,平层,低楼层 (共6层)咨询楼层,127.98㎡,西南,精装,,143.71㎡,板楼,暂无数据实际层高需现场测量，具体数据以实际测量为准,砖混结构,暂无数据,2025年04月16日,2010年08月16日,满五年,无抵押,20251548293,商品房,普通住宅,共有,已上传房本照片
96.8万,12333,洲际银海湾,温江光华大道沿线,2室2厅1卫,平层,低楼层 (共32层)咨询楼层,暂无咨询套内面积,西,精装,有,78.49㎡,板塔结合,暂无数据实际层高需现场测量，具体数据以实际测量为准,钢混结构,三梯五户,2025年04月16日,2019年03月04日,满五年,有抵押 15万元 公积金 业主自还,20251548347,商品房,普通住宅,共有,已上传房本照片
41.8万,4322,龙域都市兰亭,青白江青白江,3室2厅2卫,平层,中楼层 (共18层)咨询楼层,82.8㎡,东南,精装,有,96.73㎡,板塔结合,暂无数据实际层高需现场测量，具体数据以实际测量为准,钢混结构,两梯六户,2025年04月16日,2012年12月20日,满五年,有抵押 农业银行 客户偿还,20251548246,商品房,普通住宅,共有,已上传房本照片
19万,2610,凤凰铭筑,青白江青白江,2室1厅1卫,平层,高楼层 (共6层)咨询楼层,暂无咨询套内面积,东南 西南,精装,,72.8㎡,板塔结合,暂无数据实际层高需现场测量，具体数据以实际测量为准,混合结构,暂无数据,2025年04月16日,2021年01月15日,满两年,无抵押,20251548087,商品房,普通住宅,共有,已上传房本照片
128万,11299,万达城闲山悦四区,都江堰都江堰,3室2厅2卫,平层,中楼层 (共11层)咨询楼层,暂无咨询套内面积,南,精装,有,113.29㎡,塔楼,暂无数据实际层高需现场测量，具体数据以实际测量为准,钢混结构,二十梯四户,2025年04月16日,2020年01月01日,满五年,无抵押,20251549797,商品房,普通住宅,非共有,已上传房本照片
110万,17150,光明城市,天府新区华阳,2室1厅1卫,平层,中楼层 (共32层)咨询楼层,47.01㎡,西,其他,有,64.14㎡,板塔结合,暂无数据实际层高需现场测量，具体数据以实际测量为准,钢混结构,三梯十二户,2025年04月16日,2015年10月28日,满五年,有抵押 成都银行  业主自还,20251551215,商品房,普通住宅,非共有,已上传房本照片
105万,12596,龙湖弗莱明戈一期,郫都区郫县城区,3室2厅1卫,平层,中楼层 (共34层)咨询楼层,暂无咨询套内面积,东南,其他,有,83.36㎡,板塔结合,暂无数据实际层高需现场测量，具体数据以实际测量为准,框架结构,三梯八户,2025年04月16日,2014年08月21日,满五年,无抵押,20251547697,商品房,普通住宅,非共有,已上传房本照片
92万,10540,鉴山墅,都江堰都江堰,3室2厅1卫,平层,中楼层 (共14层)咨询楼层,暂无咨询套内面积,西,其他,有,87.29㎡,板塔结合,暂无数据实际层高需现场测量，具体数据以实际测量为准,框架结构,两梯六户,2025年04月15日,2025年01月01日,未满两年,无抵押,20251547269,商品房,普通住宅,非共有,已上传房本照片
50万,10009,四季映像,龙泉驿大面,2室1厅1卫,平层,低楼层 (共34层)咨询楼层,暂无咨询套内面积,东 东南,其他,有,49.96㎡,板塔结合,暂无数据实际层高需现场测量，具体数据以实际测量为准,钢混结构,三梯九户,2025年04月15日,2024年10月29日,未满两年,有抵押 30 客户偿还,20251548284,商品房,普通住宅,共有,已上传房本照片
105万,11242,慧生时代广场,龙泉驿西河,3室2厅3卫,平层,中楼层 (共30层)咨询楼层,暂无咨询套内面积,南,精装,有,93.4㎡,板楼,暂无数据实际层高需现场测量，具体数据以实际测量为准,框架结构,两梯六户,2025年04月15日,2021年02月09日,满两年,有抵押 18万元 中国银行 业主自还,20251547119,商品房,普通住宅,共有,已上传房本照片
188万,14956,河畔新世界,天府新区锦江生态带,3室2厅2卫,平层,低楼层 (共30层)咨询楼层,100.62㎡,东南,精装,有,125.71㎡,塔楼,暂无数据实际层高需现场测量，具体数据以实际测量为准,钢混结构,两梯五户,2025年04月15日,2013年03月26日,满五年,无抵押,20251547294,商品房,普通住宅,非共有,已上传房本照片
148万,17605,龙城国际,郫都区橡树湾,3室1厅2卫,平层,高楼层 (共33层)咨询楼层,66.64㎡,北,精装,有,84.07㎡,板塔结合,暂无数据实际层高需现场测量，具体数据以实际测量为准,钢混结构,三梯六户,2025年04月15日,2018年11月23日,满五年,有抵押 工商银行,20251548272,商品房,普通住宅,非共有,已上传房本照片
76.5万,7807,新桂华庭,新都新都城区,2室1厅1卫,平层,低楼层 (共5层)咨询楼层,88.73㎡,南,其他,有,98㎡,板楼,暂无数据实际层高需现场测量，具体数据以实际测量为准,混合结构,一梯两户,2025年04月15日,2025年03月10日,未满两年,有抵押 50万元 邮政银行 客户偿还,20251552732,商品房,普通住宅,非共有,已上传房本照片
90万,14424,华润橡树湾B区,郫都区橡树湾,3室1厅1卫,平层,低楼层 (共34层)咨询楼层,暂无咨询套内面积,东南,简装,有,62.4㎡,板塔结合,暂无数据实际层高需现场测量，具体数据以实际测量为准,钢混结构,两梯六户,2025年04月15日,2017年06月06日,满五年,无抵押,20251551730,商品房,普通住宅,非共有,已上传房本照片
42万,6991,书房新邨,龙泉驿龙泉驿城区,1室1厅1卫,平层,中楼层 (共6层)咨询楼层,暂无咨询套内面积,东,其他,,60.08㎡,板楼,暂无数据实际层高需现场测量，具体数据以实际测量为准,混合结构,暂无数据,2025年04月15日,2022年11月01日,满两年,无抵押,20251547105,商品房,普通住宅,共有,已上传房本照片
65万,5571,和裕印象,金堂金堂,4室2厅2卫,平层,低楼层 (共26层)咨询楼层,暂无咨询套内面积,南,精装,有,116.69㎡,板塔结合,暂无数据实际层高需现场测量，具体数据以实际测量为准,钢混结构,两梯六户,2025年04月15日,2021年02月23日,满两年,有抵押,20251546999,商品房,普通住宅,共有,已上传房本照片
180万,21952,英祥财富领域,高新城南宜家,2室1厅1卫,平层,低楼层 (共31层)咨询楼层,暂无咨询套内面积,东,其他,有,82㎡,板塔结合,暂无数据实际层高需现场测量，具体数据以实际测量为准,框架结构,四梯十一户,2025年04月15日,2019年04月01日,满五年,无抵押,20251546997,商品房,普通住宅,非共有,已上传房本照片
44万,8084,龙湖丽景A区,成华龙潭寺,1室1厅1卫,平层,中楼层 (共11层)咨询楼层,42.5㎡,西,其他,有,54.43㎡,板楼,暂无数据实际层高需现场测量，具体数据以实际测量为准,钢混结构,一梯两户,2025年04月15日,2025年04月14日,未满两年,暂无数据,20251547008,商品房,普通住宅,非共有,已上传房本照片
110万,18708,万科海悦汇城东区,天府新区海洋公园,2室1厅1卫,平层,低楼层 (共35层)咨询楼层,暂无咨询套内面积,东北,精装,有,58.8㎡,塔楼,暂无数据实际层高需现场测量，具体数据以实际测量为准,钢混结构,四梯八户,2025年04月15日,2015年12月14日,满五年,无抵押,20251421135,商品房,普通住宅,共有,已上传房本照片
92万,8098,北大资源颐和雅郡,新津区五津,4室1厅2卫,平层,中楼层 (共14层)咨询楼层,暂无咨询套内面积,南,毛坯,有,113.61㎡,塔楼,暂无数据实际层高需现场测量，具体数据以实际测量为准,钢混结构,两梯五户,2025年04月15日,2020年03月20日,满五年,无抵押,20251547534,商品房,普通住宅,共有,已上传房本照片
232万,13867,麓山印象,天府新区海洋公园,4室2厅2卫,平层,中楼层 (共9层)咨询楼层,147.29㎡,南,毛坯,有,167.31㎡,板塔结合,暂无数据实际层高需现场测量，具体数据以实际测量为准,框架结构,两梯两户,2025年04月15日,2021年05月08日,满两年,无抵押,20251548038,商品房,普通住宅,非共有,已上传房本照片
35万,3497,玉树新村,新津区五津,2室2厅2卫,错层,高楼层 (共7层)咨询楼层,暂无咨询套内面积,南 北,其他,,100.1㎡,暂无数据,暂无数据实际层高需现场测量，具体数据以实际测量为准,混合结构,暂无数据,2025年04月15日,2021年01月04日,满两年,有抵押 28万元,20251546823,商品房,普通住宅,非共有,已上传房本照片
162万,21734,中铁瑞城三号线,武侯新双楠,2室1厅1卫,平层,中楼层 (共11层)咨询楼层,74.54㎡,东南,精装,有,74.54㎡,塔楼,暂无数据实际层高需现场测量，具体数据以实际测量为准,钢混结构,两梯六户,2025年04月15日,2014年01月16日,满五年,无抵押,20251548339,商品房,普通住宅,非共有,已上传房本照片
76万,12035,长城嘉苑,武侯丽都,2室1厅1卫,平层,中楼层 (共6层)咨询楼层,暂无咨询套内面积,东南,简装,,63.15㎡,平房,暂无数据实际层高需现场测量，具体数据以实际测量为准,混合结构,暂无数据,2025年04月15日,2015年02月01日,满五年,无抵押,20251547084,拆迁安置房,普通住宅,非共有,已上传房本照片
120万,10366,天府明珠,都江堰都江堰,3室1厅2卫,平层,低楼层 (共18层)咨询楼层,暂无咨询套内面积,东南,毛坯,,115.77㎡,暂无数据,暂无数据实际层高需现场测量，具体数据以实际测量为准,未知结构,暂无数据,2025年04月15日,2024年08月09日,未满两年,有抵押 30万元 业主自还,20251549264,商品房,普通住宅,非共有,已上传房本照片
242万,29168,瑞升望江橡树林三期,锦江三官堂,3室1厅1卫,平层,中楼层 (共39层)咨询楼层,暂无咨询套内面积,西,简装,有,82.97㎡,塔楼,暂无数据实际层高需现场测量，具体数据以实际测量为准,框架结构,四梯八户,2025年04月15日,2022年04月16日,满两年,无抵押,20251547631,商品房,普通住宅,非共有,已上传房本照片
73万,10284,南湖锦苑,天府新区南湖,2室1厅1卫,平层,高楼层 (共18层)咨询楼层,暂无咨询套内面积,南,毛坯,有,70.99㎡,塔楼,暂无数据实际层高需现场测量，具体数据以实际测量为准,钢混结构,两梯七户,2025年04月15日,2025年04月15日,未满两年,有抵押 30万元 业主自还,20251547236,拆迁安置房,普通住宅,共有,已上传房本照片
175万,12025,中建人居山水颐墅,都江堰都江堰,4室2厅2卫,平层,中楼层 (共8层)咨询楼层,暂无咨询套内面积,北,其他,,145.54㎡,板楼,暂无数据实际层高需现场测量，具体数据以实际测量为准,钢混结构,暂无数据,2025年04月15日,2021年10月15日,满两年,无抵押,20251548604,商品房,普通住宅,共有,已上传房本照片
1050万,57772,誉峰二期,高新金融城,4室2厅3卫,平层,中楼层 (共30层)咨询楼层,暂无咨询套内面积,西北,精装,有,181.75㎡,板楼,暂无数据实际层高需现场测量，具体数据以实际测量为准,钢混结构,两梯两户,2025年04月15日,2023年03月20日,满两年,无抵押,20251547462,商品房,普通住宅,非共有,已上传房本照片
62万,5507,岚颐公馆,新都新都城区,3室2厅2卫,平层,高楼层 (共6层)咨询楼层,暂无咨询套内面积,南,简装,,112.59㎡,板楼,暂无数据实际层高需现场测量，具体数据以实际测量为准,混合结构,暂无数据,2025年04月15日,2008年06月24日,满五年,无抵押,20251546476,商品房,普通住宅,共有,已上传房本照片
149万,11399,锦绣华都西区,双流东升镇,3室1厅2卫,平层,中楼层 (共13层)咨询楼层,130.72㎡,西南,其他,有,130.72㎡,塔楼,暂无数据实际层高需现场测量，具体数据以实际测量为准,钢混结构,两梯四户,2025年04月15日,2012年06月26日,满五年,有抵押 5万元 农业银行 业主自还,20251546717,商品房,普通住宅,非共有,已上传房本照片
115万,13711,金恒德时代金悦,温江温江新城,3室1厅1卫,平层,低楼层 (共31层)咨询楼层,暂无咨询套内面积,南,精装,有,83.88㎡,板塔结合,暂无数据实际层高需现场测量，具体数据以实际测量为准,钢混结构,两梯六户,2025年04月15日,2020年07月29日,满两年,有抵押 27万元,20251546454,商品房,普通住宅,非共有,已上传房本照片
135.8万,13782,光华之心,温江花都大道,3室1厅2卫,平层,中楼层 (共32层)咨询楼层,暂无咨询套内面积,南,精装,有,98.54㎡,板塔结合,暂无数据实际层高需现场测量，具体数据以实际测量为准,钢混结构,两梯六户,2025年04月15日,2019年04月10日,满五年,无抵押,20251547944,商品房,普通住宅,非共有,已上传房本照片
168万,14660,成都后花园三期,郫都区成外,4室2厅2卫,平层,中楼层 (共25层)咨询楼层,暂无咨询套内面积,东南,其他,有,114.6㎡,板塔结合,暂无数据实际层高需现场测量，具体数据以实际测量为准,钢混结构,三梯六户,2025年04月15日,2025年04月15日,未满两年,暂无数据,20251546316,商品房,普通住宅,非共有,已上传房本照片
103.6万,12222,合能珍宝琥珀,温江光华大道沿线,3室2厅1卫,平层,低楼层 (共34层)咨询楼层,暂无咨询套内面积,东南,其他,有,84.77㎡,板塔结合,暂无数据实际层高需现场测量，具体数据以实际测量为准,钢混结构,两梯六户,2025年04月15日,2018年10月25日,满五年,暂无数据,20251546251,商品房,普通住宅,共有,已上传房本照片
168.8万,14766,百悦天鹅湖,龙泉驿大面,3室2厅2卫,平层,中楼层 (共31层)咨询楼层,暂无咨询套内面积,西南,精装,有,114.32㎡,板塔结合,暂无数据实际层高需现场测量，具体数据以实际测量为准,钢混结构,两梯六户,2025年04月15日,2019年09月02日,满五年,有抵押,20251549799,商品房,普通住宅,共有,已上传房本照片
105万,11510,九形道,新都大丰,3室1厅1卫,平层,高楼层 (共27层)咨询楼层,71.41㎡,东,精装,有,91.23㎡,板楼,暂无数据实际层高需现场测量，具体数据以实际测量为准,框架结构,两梯五户,2025年04月15日,2013年09月05日,满五年,无抵押,20251546706,商品房,普通住宅,非共有,已上传房本照片
175万,16033,湟普国际,温江光华大道沿线,3室2厅2卫,平层,低楼层 (共26层)咨询楼层,暂无咨询套内面积,南,其他,有,109.15㎡,板塔结合,暂无数据实际层高需现场测量，具体数据以实际测量为准,钢混结构,两梯五户,2025年04月15日,2021年06月21日,满两年,有抵押 100万元,20251546409,商品房,普通住宅,共有,已上传房本照片
116.8万,9270,东城1号,简阳河东新区,4室1厅2卫,平层,高楼层 (共32层)咨询楼层,110㎡,东南,其他,,126㎡,暂无数据,暂无数据实际层高需现场测量，具体数据以实际测量为准,钢混结构,暂无数据,2025年04月15日,2025年04月15日,未满两年,暂无数据,20251546187,商品房,普通住宅,共有,已上传房本照片
590万,41398,中环岛,高新大源,3室2厅2卫,平层,中楼层 (共28层)咨询楼层,暂无咨询套内面积,东,其他,有,142.52㎡,板塔结合,暂无数据实际层高需现场测量，具体数据以实际测量为准,钢混结构,两梯三户,2025年04月15日,2023年01月17日,满两年,有抵押,20251546262,商品房,普通住宅,非共有,已上传房本照片
72万,14575,丽景华庭一期,武侯外双楠,1室1厅1卫,平层,中楼层 (共12层)咨询楼层,暂无咨询套内面积,北,简装,有,49.4㎡,板楼,暂无数据实际层高需现场测量，具体数据以实际测量为准,框架结构,一梯六户,2025年04月15日,2013年04月01日,满五年,无抵押,20251546522,商品房,普通住宅,非共有,已上传房本照片
220万,22470,中洲里程,成华万年场,3室2厅2卫,平层,低楼层 (共34层)咨询楼层,暂无咨询套内面积,南,精装,有,97.91㎡,板塔结合,暂无数据实际层高需现场测量，具体数据以实际测量为准,钢混结构,三梯八户,2025年04月15日,2024年08月15日,未满两年,有抵押 150万元 光大 金融公司垫资,20251546971,商品房,普通住宅,非共有,已上传房本照片
145万,11243,恒大新城一期,温江光华大道沿线,3室1厅2卫,平层,中楼层 (共30层)咨询楼层,暂无咨询套内面积,东南,精装,有,128.97㎡,板塔结合,暂无数据实际层高需现场测量，具体数据以实际测量为准,钢混结构,两梯四户,2025年04月15日,2025年03月06日,未满两年,有抵押 80万元 成都农村商业银行股份有限公司,20251545951,商品房,普通住宅,非共有,已上传房本照片
100万,10021,一里阳光,郫都区郫县万达,3室2厅2卫,平层,高楼层 (共31层)咨询楼层,暂无咨询套内面积,南 西南,精装,有,99.8㎡,板塔结合,暂无数据实际层高需现场测量，具体数据以实际测量为准,钢混结构,两梯七户,2025年04月15日,2017年11月23日,满五年,有抵押 20万元 金融公司垫资,20251547129,商品房,普通住宅,共有,已上传房本照片
65万,6334,听湖九园,青白江青白江,3室2厅2卫,平层,高楼层 (共33层)咨询楼层,暂无咨询套内面积,南,毛坯,有,102.63㎡,板塔结合,暂无数据实际层高需现场测量，具体数据以实际测量为准,钢混结构,两梯五户,2025年04月15日,2022年11月10日,满两年,无抵押,20251484771,商品房,普通住宅,共有,已上传房本照片
190万,15777,百花苑(青羊),青羊人民公园,3室2厅1卫,平层,低楼层 (共6层)咨询楼层,暂无咨询套内面积,东南,简装,,120.43㎡,板塔结合,暂无数据实际层高需现场测量，具体数据以实际测量为准,混合结构,暂无数据,2025年04月15日,2019年01月11日,满五年,无抵押,20251546762,商品房,普通住宅,非共有,已上传房本照片
45万,9928,炜岸城一期,龙泉驿大面,1室1厅1卫,平层,高楼层 (共24层)咨询楼层,暂无咨询套内面积,西南,其他,有,45.33㎡,板塔结合,暂无数据实际层高需现场测量，具体数据以实际测量为准,框架结构,三梯三十二户,2025年04月15日,2021年03月04日,满两年,有抵押 34万元 中国银行 客户偿还,20251546329,商品房,普通住宅,非共有,已上传房本照片
123万,12970,林荫街9号,武侯川音,2室2厅1卫,平层,中楼层 (共7层)咨询楼层,暂无咨询套内面积,南,精装,,94.84㎡,板楼,暂无数据实际层高需现场测量，具体数据以实际测量为准,混合结构,暂无数据,2025年04月15日,2022年07月09日,满两年,无抵押,20251547752,商品房,普通住宅,非共有,已上传房本照片
230万,26602,中粮锦云,成华万年场,3室1厅1卫,平层,中楼层 (共29层)咨询楼层,暂无咨询套内面积,南,精装,有,86.46㎡,板塔结合,暂无数据实际层高需现场测量，具体数据以实际测量为准,钢混结构,两梯六户,2025年04月15日,2019年09月18日,满五年,无抵押,20251549633,商品房,普通住宅,非共有,已上传房本照片
151.7万,12976,百花庭园,武侯双楠,3室2厅1卫,错层,高楼层 (共6层)咨询楼层,暂无咨询套内面积,南,其他,,116.91㎡,板塔结合,暂无数据实际层高需现场测量，具体数据以实际测量为准,混合结构,暂无数据,2025年04月15日,2004年12月14日,满五年,无抵押,20251546282,商品房,普通住宅,非共有,已上传房本照片
149万,18375,中海锦城一期,武侯簇桥,2室2厅1卫,平层,高楼层 (共14层)咨询楼层,66.96㎡,南,精装,有,81.09㎡,板楼,暂无数据实际层高需现场测量，具体数据以实际测量为准,钢混结构,两梯六户,2025年04月15日,2014年01月17日,满五年,无抵押,20251545799,商品房,普通住宅,共有,已上传房本照片
345万,23982,金地悦澜道,双流华府,4室2厅2卫,平层,中楼层 (共11层)咨询楼层,暂无咨询套内面积,南,其他,有,143.86㎡,板楼,暂无数据实际层高需现场测量，具体数据以实际测量为准,钢混结构,两梯两户,2025年04月15日,2024年07月17日,未满两年,暂无数据,20251548883,商品房,普通住宅,非共有,已上传房本照片
132万,14751,清水路苑,青羊外金沙,3室1厅1卫,平层,中楼层 (共18层)咨询楼层,暂无咨询套内面积,北,简装,有,89.49㎡,板塔结合,暂无数据实际层高需现场测量，具体数据以实际测量为准,钢混结构,两梯四户,2025年04月15日,2019年01月03日,满五年,有抵押 3万元 银行 业主自还,20251547203,商品房,普通住宅,共有,已上传房本照片
135万,16907,金地天府城,高新广都,2室2厅1卫,平层,高楼层 (共39层)咨询楼层,暂无咨询套内面积,西北,精装,有,79.85㎡,塔楼,暂无数据实际层高需现场测量，具体数据以实际测量为准,钢混结构,六梯八户,2025年04月15日,2021年09月15日,满两年,有抵押 10万元 业主自还,20251545739,商品房,普通住宅,非共有,已上传房本照片
108万,11657,恒大城,温江温江新城,3室2厅1卫,平层,中楼层 (共30层)咨询楼层,75.13㎡,西南,精装,有,92.65㎡,板塔结合,暂无数据实际层高需现场测量，具体数据以实际测量为准,钢混结构,两梯四户,2025年04月15日,2021年09月28日,满两年,有抵押 82万元 中国建设银行崇州支行 金融公司垫资,20251546748,商品房,普通住宅,非共有,已上传房本照片
108万,11657,恒大城,温江温江新城,3室2厅1卫,平层,中楼层 (共30层)咨询楼层,75.13㎡,西南,精装,有,92.65㎡,板塔结合,暂无数据实际层高需现场测量，具体数据以实际测量为准,钢混结构,两梯四户,2025年04月15日,2021年09月28日,满两年,有抵押 82万元 中国建设银行崇州支行 金融公司垫资,20251546748,商品房,普通住宅,非共有,已上传房本照片
160万,22526,海伦印象,天府新区华阳,2室1厅1卫,平层,低楼层 (共40层)咨询楼层,暂无咨询套内面积,西,精装,有,71.03㎡,板塔结合,暂无数据实际层高需现场测量，具体数据以实际测量为准,框架结构,两梯五户,2025年04月15日,2020年04月10日,满五年,无抵押,20251546676,商品房,普通住宅,非共有,已上传房本照片
115万,14897,高家庄赞城,金牛高家庄,3室2厅1卫,平层,高楼层 (共18层)咨询楼层,暂无咨询套内面积,东南,其他,有,77.2㎡,塔楼,暂无数据实际层高需现场测量，具体数据以实际测量为准,钢混结构,两梯六户,2025年04月15日,2017年06月19日,满五年,无抵押,20251552421,商品房,普通住宅,共有,已上传房本照片
105万,12751,海棠湾,双流双流城区,2室2厅1卫,平层,中楼层 (共14层)咨询楼层,暂无咨询套内面积,东南,精装,有,82.35㎡,板塔结合,暂无数据实际层高需现场测量，具体数据以实际测量为准,钢混结构,两梯六户,2025年04月15日,2019年01月03日,满五年,有抵押 51万元 建设银行,20251545677,商品房,普通住宅,非共有,已上传房本照片
165万,12816,富丽锦城,成华驷马桥,3室2厅2卫,平层,中楼层 (共22层)咨询楼层,暂无咨询套内面积,南,毛坯,有,128.75㎡,板塔结合,暂无数据实际层高需现场测量，具体数据以实际测量为准,钢混结构,两梯三户,2025年04月15日,2009年05月22日,满五年,无抵押,20251545738,商品房,普通住宅,共有,已上传房本照片
60万,4136,康桥水乡B区,都江堰都江堰,4室2厅2卫,平层,高楼层 (共5层)咨询楼层,暂无咨询套内面积,南 北,其他,,145.08㎡,板楼,暂无数据实际层高需现场测量，具体数据以实际测量为准,混合结构,暂无数据,2025年04月15日,2017年01月05日,满五年,无抵押,20240693591,商品房,普通住宅,共有,已上传房本照片
53万,4799,彩虹大道南段196号,都江堰都江堰,3室2厅2卫,平层,中楼层 (共4层)咨询楼层,暂无咨询套内面积,南,其他,,110.45㎡,板塔结合,暂无数据实际层高需现场测量，具体数据以实际测量为准,钢混结构,暂无数据,2025年04月15日,2017年11月09日,满五年,无抵押,20251545747,商品房,普通住宅,非共有,已上传房本照片
230万,17888,名人苑,高新芳草,3室1厅2卫,平层,高楼层 (共7层)咨询楼层,暂无咨询套内面积,南 北,毛坯,,128.58㎡,板塔结合,暂无数据实际层高需现场测量，具体数据以实际测量为准,混合结构,暂无数据,2025年04月15日,2020年10月28日,满两年,有抵押 140万元,20251545813,商品房,普通住宅,非共有,已上传房本照片
22.6万,5491,都江堰市壹街区拆迁双槐安置点,都江堰都江堰,1室1厅1卫,平层,低楼层 (共6层)咨询楼层,暂无咨询套内面积,西南,其他,,41.16㎡,暂无数据,暂无数据实际层高需现场测量，具体数据以实际测量为准,混合结构,暂无数据,2025年04月15日,2024年05月10日,未满两年,无抵押,20251545509,商品房,普通住宅,非共有,已上传房本照片
125万,11755,燃灯寺北街63号,武侯双楠,2室2厅2卫,平层,高楼层 (共7层)咨询楼层,暂无咨询套内面积,南,简装,,106.34㎡,板楼,暂无数据实际层高需现场测量，具体数据以实际测量为准,砖混结构,暂无数据,2025年04月15日,2020年01月01日,满五年,无抵押,20251546283,商品房,普通住宅,非共有,已上传房本照片
52万,4157,康桥水乡A区,都江堰都江堰,3室2厅2卫,平层,中楼层 (共5层)咨询楼层,暂无咨询套内面积,东南,简装,,125.12㎡,板塔结合,暂无数据实际层高需现场测量，具体数据以实际测量为准,混合结构,暂无数据,2025年04月15日,2019年10月29日,满五年,无抵押,20251545989,商品房,普通住宅,共有,已上传房本照片
39万,4329,绿城尚品,青白江青白江,3室1厅1卫,平层,高楼层 (共18层)咨询楼层,74.61㎡,南,其他,,90.1㎡,暂无数据,暂无数据实际层高需现场测量，具体数据以实际测量为准,框架结构,暂无数据,2025年04月15日,2025年04月15日,未满两年,无抵押,20251442509,商品房,普通住宅,共有,已上传房本照片
86.8万,10247,沙河北岸,成华驷马桥,2室1厅1卫,平层,高楼层 (共6层)咨询楼层,暂无咨询套内面积,东南,精装,,84.71㎡,板塔结合,暂无数据实际层高需现场测量，具体数据以实际测量为准,混合结构,暂无数据,2025年04月15日,2021年01月27日,满两年,有抵押 57万元 招商银行 金融公司垫资,20251545435,商品房,普通住宅,非共有,已上传房本照片
135万,19117,花间兰庭,武侯外双楠,2室2厅1卫,平层,中楼层 (共14层)咨询楼层,暂无咨询套内面积,东,精装,有,70.62㎡,板楼,暂无数据实际层高需现场测量，具体数据以实际测量为准,框架结构,两梯六户,2025年04月15日,2017年07月19日,满五年,有抵押 70万元 金融公司垫资,20251549791,商品房,普通住宅,非共有,已上传房本照片
155万,16248,新城吾悦华府,龙泉驿东安湖,3室1厅2卫,平层,中楼层 (共34层)咨询楼层,暂无咨询套内面积,南,其他,有,95.4㎡,板塔结合,暂无数据实际层高需现场测量，具体数据以实际测量为准,钢混结构,两梯六户,2025年04月15日,2022年10月27日,满两年,有抵押 110万元 中国邮政银行 业主自还,20251550171,商品房,普通住宅,非共有,已上传房本照片
109万,12124,恒大新城一期,温江光华大道沿线,2室2厅1卫,平层,中楼层 (共32层)咨询楼层,70.84㎡,南,其他,有,89.91㎡,板塔结合,暂无数据实际层高需现场测量，具体数据以实际测量为准,钢混结构,两梯四户,2025年04月15日,2018年06月27日,满五年,有抵押 80万元 业主自还,20251539197,商品房,普通住宅,共有,已上传房本照片
185万,15106,恒大未来城一期,温江光华大道沿线,3室2厅2卫,平层,高楼层 (共32层)咨询楼层,暂无咨询套内面积,东南,精装,有,122.47㎡,塔楼,暂无数据实际层高需现场测量，具体数据以实际测量为准,钢混结构,两梯四户,2025年04月15日,2019年12月31日,满五年,无抵押,20251548189,商品房,普通住宅,非共有,已上传房本照片
118万,15975,摩根中心,锦江九眼桥,2室1厅1卫,平层,中楼层 (共40层)咨询楼层,57.76㎡,南,精装,有,73.87㎡,塔楼,暂无数据实际层高需现场测量，具体数据以实际测量为准,钢混结构,三梯七户,2025年04月15日,2013年07月15日,满五年,无抵押,20251549921,商品房,普通住宅,非共有,已上传房本照片
109万,11182,圣地名居,成华八里小区,3室1厅1卫,平层,高楼层 (共6层)咨询楼层,暂无咨询套内面积,东南,简装,,97.48㎡,板楼,暂无数据实际层高需现场测量，具体数据以实际测量为准,混合结构,暂无数据,2025年04月15日,2002年05月14日,满五年,无抵押,20251546793,商品房,普通住宅,非共有,已上传房本照片
61.8万,7491,江华社区,龙泉驿十陵,2室1厅1卫,平层,高楼层 (共6层)咨询楼层,暂无咨询套内面积,南,简装,,82.51㎡,板楼,暂无数据实际层高需现场测量，具体数据以实际测量为准,混合结构,暂无数据,2025年04月15日,2007年05月10日,满五年,无抵押,20251546564,商品房,普通住宅,非共有,已上传房本照片
245万,19046,中旅名门府,双流蛟龙港,4室2厅2卫,平层,中楼层 (共11层)咨询楼层,暂无咨询套内面积,南,其他,有,128.64㎡,板楼,暂无数据实际层高需现场测量，具体数据以实际测量为准,钢混结构,一梯两户,2025年04月15日,2022年04月05日,满两年,有抵押 100万元 兴业银行,20251546895,商品房,普通住宅,非共有,已上传房本照片
73.8万,5895,上城花庭,崇州崇州城区,3室2厅2卫,错层,低楼层 (共6层)咨询楼层,暂无咨询套内面积,南,简装,,125.2㎡,板塔结合,暂无数据实际层高需现场测量，具体数据以实际测量为准,混合结构,暂无数据,2025年04月15日,2025年04月15日,未满两年,无抵押,20251548191,商品房,普通住宅,非共有,已上传房本照片
105万,7920,海峡新城一期,温江温江大学城,3室1厅2卫,错层,高楼层 (共6层)咨询楼层,暂无咨询套内面积,东南,其他,,132.59㎡,板塔结合,暂无数据实际层高需现场测量，具体数据以实际测量为准,钢混结构,暂无数据,2025年04月15日,2010年05月20日,满五年,无抵押,20251545158,商品房,普通住宅,共有,已上传房本照片
80万,6539,万达城闲山悦四区,都江堰都江堰,3室1厅1卫,平层,中楼层 (共11层)咨询楼层,暂无咨询套内面积,东南,其他,有,122.35㎡,板塔结合,暂无数据实际层高需现场测量，具体数据以实际测量为准,钢混结构,一梯四户,2025年04月15日,2019年03月11日,满五年,有抵押 30万元 成都银行 业主自还,20251545981,商品房,普通住宅,共有,已上传房本照片
178万,15130,空港陆号,双流航空港,4室2厅2卫,平层,低楼层 (共16层)咨询楼层,暂无咨询套内面积,东,其他,有,117.65㎡,板塔结合,暂无数据实际层高需现场测量，具体数据以实际测量为准,钢混结构,两梯四户,2025年04月15日,2024年08月09日,未满两年,无抵押,20251545925,商品房,普通住宅,共有,已上传房本照片
138万,15914,千禧河畔C区,温江花都大道,3室2厅2卫,平层,中楼层 (共33层)咨询楼层,暂无咨询套内面积,东南,精装,有,86.72㎡,板塔结合,暂无数据实际层高需现场测量，具体数据以实际测量为准,钢混结构,两梯六户,2025年04月15日,2017年10月12日,满五年,有抵押 金融公司垫资,20251548569,商品房,普通住宅,非共有,已上传房本照片
66.5万,14280,福祥家园瑞康苑,金牛茶店子,1室1厅1卫,平层,低楼层 (共6层)咨询楼层,40.94㎡,南,简装,,46.57㎡,板楼,暂无数据实际层高需现场测量，具体数据以实际测量为准,框架结构,暂无数据,2025年04月15日,2015年08月10日,满五年,无抵押,20251545111,拆迁安置房,普通住宅,共有,已上传房本照片
78万,6062,桃园柳岸,郫都区郫县城区,4室2厅1卫,平层,高楼层 (共6层)咨询楼层,116.55㎡,东北,简装,,128.68㎡,板楼,暂无数据实际层高需现场测量，具体数据以实际测量为准,砖混结构,暂无数据,2025年04月15日,2010年12月27日,满五年,无抵押,20251545952,商品房,普通住宅,非共有,已上传房本照片
276万,19600,康郡,锦江东光小区,3室2厅2卫,平层,低楼层 (共11层)咨询楼层,暂无咨询套内面积,南 北,简装,有,140.82㎡,塔楼,暂无数据实际层高需现场测量，具体数据以实际测量为准,钢混结构,一梯两户,2025年04月15日,2021年10月27日,满两年,无抵押,20251546845,商品房,普通住宅,共有,已上传房本照片
49万,5994,紫瑞街一巷34号,新都新都城区,3室2厅1卫,平层,低楼层 (共6层)咨询楼层,暂无咨询套内面积,东南,其他,,81.75㎡,板楼,暂无数据实际层高需现场测量，具体数据以实际测量为准,砖混结构,暂无数据,2025年04月15日,2012年12月20日,满五年,无抵押,20251545466,商品房,普通住宅,非共有,已上传房本照片
76万,9185,花语岸,温江国色天乡,2室1厅1卫,平层,中楼层 (共16层)咨询楼层,暂无咨询套内面积,东南,精装,有,82.75㎡,板塔结合,暂无数据实际层高需现场测量，具体数据以实际测量为准,钢混结构,两梯六户,2025年04月15日,2018年06月28日,满五年,无抵押,20251545241,商品房,普通住宅,非共有,已上传房本照片
127万,16817,交大绿岭二期,锦江静居寺,2室1厅1卫,平层,低楼层 (共34层)咨询楼层,59.87㎡,东,精装,有,75.52㎡,塔楼,暂无数据实际层高需现场测量，具体数据以实际测量为准,钢混结构,三梯六户,2025年04月15日,2013年03月24日,满五年,无抵押,20251436257,商品房,普通住宅,非共有,已上传房本照片
75万,6814,新新家园,龙泉驿龙泉驿城区,3室1厅2卫,平层,中楼层 (共6层)咨询楼层,97.77㎡,东南,其他,,110.08㎡,板楼,暂无数据实际层高需现场测量，具体数据以实际测量为准,混合结构,暂无数据,2025年04月15日,2006年08月30日,满五年,无抵押,20251548605,商品房,普通住宅,共有,已上传房本照片
73.8万,9778,长福苑,金牛金府,2室1厅1卫,平层,高楼层 (共6层)咨询楼层,暂无咨询套内面积,南,其他,,75.48㎡,板楼,暂无数据实际层高需现场测量，具体数据以实际测量为准,混合结构,暂无数据,2025年04月14日,2019年04月03日,满五年,有抵押 50万元,20251546211,经济适用房,普通住宅,非共有,已上传房本照片
190万,20655,万科天府公园城,天府新区麓山,3室2厅2卫,平层,低楼层 (共33层)咨询楼层,暂无咨询套内面积,南,其他,有,91.99㎡,塔楼,暂无数据实际层高需现场测量，具体数据以实际测量为准,钢混结构,两梯五户,2025年04月14日,2024年10月24日,未满两年,有抵押,20251545199,商品房,普通住宅,非共有,已上传房本照片
236万,26479,新界五期,武侯红牌楼,3室1厅1卫,平层,中楼层 (共7层)咨询楼层,78.87㎡,东南,简装,有,89.13㎡,塔楼,暂无数据实际层高需现场测量，具体数据以实际测量为准,框架结构,一梯四户,2025年04月14日,2015年10月20日,满五年,无抵押,20251546276,商品房,普通住宅,非共有,已上传房本照片
103万,10835,蓝润光华春天B区,温江花都大道,3室1厅2卫,平层,高楼层 (共25层)咨询楼层,暂无咨询套内面积,北,简装,有,95.07㎡,板塔结合,暂无数据实际层高需现场测量，具体数据以实际测量为准,钢混结构,两梯六户,2025年04月14日,2019年04月23日,满五年,有抵押 80万元 金融公司垫资,20251548665,商品房,普通住宅,共有,已上传房本照片
370万,27864,神仙树大院三期,高新神仙树,3室1厅2卫,平层,低楼层 (共18层)咨询楼层,暂无咨询套内面积,东南 南,精装,有,132.79㎡,板塔结合,暂无数据实际层高需现场测量，具体数据以实际测量为准,框架结构,两梯四户,2025年04月14日,2021年08月24日,满两年,无抵押,20251549541,商品房,普通住宅,共有,已上传房本照片
330万,22489,鹭岛国际三期,武侯外双楠,4室1厅2卫,平层,中楼层 (共16层)咨询楼层,暂无咨询套内面积,南,其他,有,146.74㎡,板塔结合,暂无数据实际层高需现场测量，具体数据以实际测量为准,框架结构,两梯四户,2025年04月14日,2019年07月18日,满五年,有抵押 200万元,20241187325,商品房,普通住宅,非共有,已上传房本照片
63万,7886,九峰·东方明珠,龙泉驿西河,2室1厅1卫,平层,中楼层 (共33层)咨询楼层,暂无咨询套内面积,南,其他,有,79.89㎡,塔楼,暂无数据实际层高需现场测量，具体数据以实际测量为准,钢混结构,两梯六户,2025年04月14日,2020年09月25日,满两年,无抵押,20251544668,商品房,普通住宅,非共有,已上传房本照片
55万,10300,秀林苑西区,成华龙潭寺,2室1厅1卫,平层,低楼层 (共18层)咨询楼层,暂无咨询套内面积,东,其他,有,53.4㎡,塔楼,暂无数据实际层高需现场测量，具体数据以实际测量为准,钢混结构,两梯六户,2025年04月14日,2018年05月03日,满五年,无抵押,20251544628,商品房,普通住宅,非共有,已上传房本照片
320万,37046,天府美岸,天府新区南湖,3室1厅1卫,平层,低楼层 (共32层)咨询楼层,暂无咨询套内面积,南,精装,有,86.38㎡,板塔结合,暂无数据实际层高需现场测量，具体数据以实际测量为准,钢混结构,三梯五户,2025年04月14日,2018年11月21日,满五年,无抵押,20251550166,商品房,普通住宅,非共有,已上传房本照片
286万,19798,珠江御景湾,温江珠江新城,3室1厅2卫,平层,高楼层 (共31层)咨询楼层,暂无咨询套内面积,南,精装,有,144.46㎡,板塔结合,暂无数据实际层高需现场测量，具体数据以实际测量为准,钢混结构,两梯四户,2025年04月14日,2017年03月13日,满五年,无抵押,20251544669,商品房,普通住宅,共有,已上传房本照片
98万,11025,森宇音乐花园,温江花都大道,2室1厅1卫,平层,低楼层 (共6层)咨询楼层,暂无咨询套内面积,东,其他,,88.89㎡,板楼,暂无数据实际层高需现场测量，具体数据以实际测量为准,混合结构,暂无数据,2025年04月14日,2008年10月14日,满五年,无抵押,20251544635,商品房,普通住宅,共有,已上传房本照片
85万,11087,玉通巷3号,武侯玉林,2室1厅1卫,平层,低楼层 (共7层)咨询楼层,暂无咨询套内面积,东南,其他,,76.67㎡,板楼,暂无数据实际层高需现场测量，具体数据以实际测量为准,混合结构,暂无数据,2025年04月14日,2021年02月01日,满两年,无抵押,20251547825,商品房,普通住宅,共有,已上传房本照片
135万,12641,保利青江和府,青白江青白江,3室2厅2卫,平层,中楼层 (共11层)咨询楼层,暂无咨询套内面积,南,其他,,106.8㎡,板楼,暂无数据实际层高需现场测量，具体数据以实际测量为准,未知结构,暂无数据,2025年04月14日,2021年06月24日,满两年,无抵押,20251546692,商品房,普通住宅,非共有,已上传房本照片
100万,12905,昊园江南壹品,龙泉驿西河,3室2厅1卫,平层,高楼层 (共29层)咨询楼层,暂无咨询套内面积,南,精装,有,77.49㎡,板楼,暂无数据实际层高需现场测量，具体数据以实际测量为准,钢混结构,两梯六户,2025年04月14日,2020年12月31日,满两年,无抵押,20251545376,商品房,普通住宅,共有,已上传房本照片
65万,14797,金象花园二期,锦江东光小区,1室1厅1卫,平层,高楼层 (共6层)咨询楼层,暂无咨询套内面积,南,其他,,43.93㎡,板楼,暂无数据实际层高需现场测量，具体数据以实际测量为准,混合结构,暂无数据,2025年04月14日,2012年06月27日,满五年,无抵押,20251544580,商品房,普通住宅,非共有,已上传房本照片
178万,12503,菁蓉滨湖湾观澜府,郫都区郫县城区,4室1厅2卫,平层,高楼层 (共32层)咨询楼层,暂无咨询套内面积,西北,其他,有,142.37㎡,板楼,暂无数据实际层高需现场测量，具体数据以实际测量为准,钢混结构,两梯三户,2025年04月14日,2023年06月08日,未满两年,有抵押,20251546493,商品房,普通住宅,共有,已上传房本照片
135万,16645,边城香格里,温江光华大道沿线,3室2厅1卫,平层,高楼层 (共6层)咨询楼层,73.18㎡,东南,其他,,81.11㎡,板塔结合,暂无数据实际层高需现场测量，具体数据以实际测量为准,钢混结构,暂无数据,2025年04月14日,2014年03月10日,满五年,无抵押,20251546180,商品房,普通住宅,非共有,已上传房本照片
280万,23483,锦镇香墅,双流东升镇,4室2厅2卫,平层,中楼层 (共4层)咨询楼层,暂无咨询套内面积,南,毛坯,,119.24㎡,塔楼,暂无数据实际层高需现场测量，具体数据以实际测量为准,框架结构,暂无数据,2025年04月14日,2021年05月17日,满两年,有抵押 90万元 中国银行双流支行 业主自还,20251545293,商品房,普通住宅,非共有,已上传房本照片
92万,12708,龙湖弗莱明戈一期,郫都区郫县城区,2室1厅1卫,平层,低楼层 (共34层)咨询楼层,58.26㎡,东南,精装,有,72.4㎡,塔楼,暂无数据实际层高需现场测量，具体数据以实际测量为准,框架结构,三梯六户,2025年04月14日,2014年05月05日,满五年,无抵押,20251549928,商品房,普通住宅,共有,已上传房本照片
83万,14075,锦和康城和贵苑,锦江三圣乡,2室1厅1卫,平层,高楼层 (共31层)咨询楼层,暂无咨询套内面积,北,其他,有,58.97㎡,塔楼,暂无数据实际层高需现场测量，具体数据以实际测量为准,钢混结构,两梯八户,2025年04月14日,2021年08月25日,满两年,无抵押,20251546281,商品房,普通住宅,非共有,已上传房本照片
62万,14784,紫竹北街65号,高新紫荆,1室1厅1卫,平层,高楼层 (共6层)咨询楼层,暂无咨询套内面积,南,精装,,41.94㎡,板楼,暂无数据实际层高需现场测量，具体数据以实际测量为准,混合结构,暂无数据,2025年04月14日,2018年12月25日,满五年,有抵押,20251544758,商品房,普通住宅,非共有,已上传房本照片
80万,12203,一环路南一段59号,武侯川音,2室1厅0卫,平层,低楼层 (共7层)咨询楼层,暂无咨询套内面积,东,其他,,65.56㎡,板楼,暂无数据实际层高需现场测量，具体数据以实际测量为准,混合结构,暂无数据,2025年04月14日,2012年11月15日,满五年,暂无数据,20251544725,已购公房,普通住宅,非共有,已上传房本照片
90万,17130,曹家巷恒大雅苑,金牛马鞍路,1室1厅1卫,平层,中楼层 (共30层)咨询楼层,暂无咨询套内面积,东南,其他,有,52.54㎡,板塔结合,暂无数据实际层高需现场测量，具体数据以实际测量为准,钢混结构,三梯八户,2025年04月14日,2022年08月17日,满两年,无抵押,20251544559,拆迁安置房,普通住宅,非共有,已上传房本照片
185万,16170,汇融名城A区,成华李家沱,3室2厅2卫,平层,高楼层 (共18层)咨询楼层,暂无咨询套内面积,南,简装,有,114.41㎡,塔楼,暂无数据实际层高需现场测量，具体数据以实际测量为准,框架结构,两梯四户,2025年04月14日,2025年01月08日,未满两年,有抵押,20251545219,商品房,普通住宅,非共有,已上传房本照片
108万,9356,愿景芬芳源,崇州崇州城区,3室2厅2卫,平层,中楼层 (共31层)咨询楼层,暂无咨询套内面积,西,毛坯,有,115.44㎡,板楼,暂无数据实际层高需现场测量，具体数据以实际测量为准,钢混结构,两梯四户,2025年04月14日,2020年10月26日,满两年,有抵押 客户偿还,20251544535,商品房,普通住宅,共有,已上传房本照片
143万,11132,源上湾国际社区千叶郡,新都新都城区,4室1厅2卫,平层,低楼层 (共29层)咨询楼层,暂无咨询套内面积,东,其他,有,128.47㎡,板塔结合,暂无数据实际层高需现场测量，具体数据以实际测量为准,钢混结构,两梯五户,2025年04月14日,2017年06月12日,满五年,有抵押 16万元 业主自还,20251552528,商品房,普通住宅,共有,已上传房本照片
290万,21058,康河郦景三期,武侯双楠,2室1厅2卫,平层,高楼层 (共18层)咨询楼层,121.02㎡,南,其他,有,137.72㎡,板塔结合,暂无数据实际层高需现场测量，具体数据以实际测量为准,钢混结构,两梯四户,2025年04月14日,2010年04月02日,满五年,暂无数据,20251545463,商品房,普通住宅,非共有,已上传房本照片
290万,21058,康河郦景三期,武侯双楠,2室1厅2卫,平层,高楼层 (共18层)咨询楼层,121.02㎡,南,其他,有,137.72㎡,板塔结合,暂无数据实际层高需现场测量，具体数据以实际测量为准,钢混结构,两梯四户,2025年04月14日,2010年04月02日,满五年,暂无数据,20251545463,商品房,普通住宅,非共有,已上传房本照片
52万,6910,中国烽火航天机械厂,温江温江老城,3室1厅1卫,平层,低楼层 (共6层)咨询楼层,暂无咨询套内面积,南 西南,精装,,75.26㎡,暂无数据,暂无数据实际层高需现场测量，具体数据以实际测量为准,混合结构,暂无数据,2025年04月14日,2012年09月03日,满五年,无抵押,20251544389,商品房,普通住宅,共有,已上传房本照片
168万,15821,蓝光圣菲TOWN城,双流航空港,3室1厅2卫,平层,高楼层 (共18层)咨询楼层,暂无咨询套内面积,南,精装,有,106.19㎡,塔楼,暂无数据实际层高需现场测量，具体数据以实际测量为准,钢混结构,两梯四户,2025年04月14日,2013年04月15日,满五年,无抵押,20251544373,商品房,普通住宅,非共有,已上传房本照片
155万,16970,佳利花园三期,高新衣冠庙,3室1厅0卫,平层,低楼层 (共15层)咨询楼层,暂无咨询套内面积,东南,其他,有,91.34㎡,板塔结合,暂无数据实际层高需现场测量，具体数据以实际测量为准,框架结构,两梯十户,2025年04月14日,2019年04月01日,满五年,无抵押,20251544416,商品房,普通住宅,非共有,已上传房本照片
412万,23717,凯德天府,高新东苑,3室1厅2卫,平层,中楼层 (共22层)咨询楼层,暂无咨询套内面积,东南,其他,有,173.72㎡,塔楼,暂无数据实际层高需现场测量，具体数据以实际测量为准,框架结构,四梯八户,2025年04月14日,2018年02月02日,满五年,暂无数据,20251549598,商品房,普通住宅,共有,已上传房本照片
99万,12719,绿地城,新都大丰,3室1厅1卫,平层,中楼层 (共32层)咨询楼层,暂无咨询套内面积,西,精装,有,77.84㎡,板塔结合,暂无数据实际层高需现场测量，具体数据以实际测量为准,钢混结构,三梯八户,2025年04月14日,2025年04月16日,未满两年,无抵押,20251546088,商品房,普通住宅,非共有,已上传房本照片
80万,9325,朝阳时代西锦,温江花都大道,2室1厅1卫,平层,高楼层 (共33层)咨询楼层,暂无咨询套内面积,南,精装,有,85.8㎡,板塔结合,暂无数据实际层高需现场测量，具体数据以实际测量为准,钢混结构,两梯六户,2025年04月14日,2011年06月03日,满五年,有抵押 客户偿还,20251549998,商品房,普通住宅,共有,已上传房本照片
42万,4922,大庆蜀苑,温江国色天乡,2室1厅1卫,平层,中楼层 (共6层)咨询楼层,暂无咨询套内面积,东南,其他,,85.34㎡,板楼,暂无数据实际层高需现场测量，具体数据以实际测量为准,混合结构,暂无数据,2025年04月14日,2007年08月09日,满五年,无抵押,20251545659,商品房,普通住宅,非共有,已上传房本照片
46万,4928,建委家属院(一环路西北段),郫都区郫县城区,3室2厅1卫,平层,高楼层 (共6层)咨询楼层,暂无咨询套内面积,南,简装,,93.36㎡,暂无数据,暂无数据实际层高需现场测量，具体数据以实际测量为准,混合结构,暂无数据,2025年04月14日,2011年06月22日,满五年,无抵押,20251511340,商品房,普通住宅,非共有,已上传房本照片
460万,25047,朗基紫境府,高新中德,4室2厅3卫,平层,高楼层 (共25层)咨询楼层,暂无咨询套内面积,南 西南,毛坯,有,183.66㎡,板楼,暂无数据实际层高需现场测量，具体数据以实际测量为准,钢混结构,两梯两户,2025年04月14日,2024年11月12日,未满两年,有抵押,20251544192,商品房,普通住宅,非共有,已上传房本照片
185万,13401,中南樾府,金牛天回镇,4室2厅2卫,平层,中楼层 (共11层)咨询楼层,暂无咨询套内面积,南 北,毛坯,,138.05㎡,板楼,暂无数据实际层高需现场测量，具体数据以实际测量为准,钢混结构,暂无数据,2025年04月14日,2025年04月14日,未满两年,有抵押 工行，90万左右，需带抵押过户 业主自还,20251544361,商品房,普通住宅,非共有,已上传房本照片
145万,19324,中海锦江城云熙二期,天府新区锦江生态带,2室2厅1卫,平层,中楼层 (共50层)咨询楼层,暂无咨询套内面积,东南,其他,有,75.04㎡,塔楼,暂无数据实际层高需现场测量，具体数据以实际测量为准,框架结构,三梯六户,2025年04月14日,2021年07月27日,满两年,有抵押 60万元 中行蜀都支行 客户偿还,20251544293,商品房,普通住宅,非共有,已上传房本照片
78万,7147,瀚城悦府,青白江青白江,3室2厅2卫,平层,低楼层 (共18层)咨询楼层,暂无咨询套内面积,东,毛坯,有,109.14㎡,暂无数据,暂无数据实际层高需现场测量，具体数据以实际测量为准,钢混结构,两梯两户,2025年04月14日,2023年01月29日,满两年,有抵押 30万元 农业银行 业主自还,20251547230,商品房,普通住宅,非共有,已上传房本照片
149万,15731,蜀都花园,锦江水碾河,2室1厅1卫,平层,中楼层 (共18层)咨询楼层,暂无咨询套内面积,东南,其他,有,94.72㎡,塔楼,暂无数据实际层高需现场测量，具体数据以实际测量为准,框架结构,两梯八户,2025年04月14日,2023年07月14日,未满两年,无抵押,20241258528,商品房,普通住宅,共有,已上传房本照片
83万,11812,汇融广场,新都大丰,2室1厅1卫,平层,高楼层 (共38层)咨询楼层,暂无咨询套内面积,东,简装,有,70.27㎡,板塔结合,暂无数据实际层高需现场测量，具体数据以实际测量为准,钢混结构,两梯八户,2025年04月14日,2022年06月30日,满两年,无抵押,20251550720,商品房,普通住宅,非共有,已上传房本照片
45万,3960,青景苑,都江堰都江堰,3室2厅2卫,平层,中楼层 (共4层)咨询楼层,102.73㎡,东,其他,,113.66㎡,板塔结合,暂无数据实际层高需现场测量，具体数据以实际测量为准,混合结构,暂无数据,2025年04月14日,2014年07月24日,满五年,无抵押,20251545229,商品房,普通住宅,共有,已上传房本照片
259万,16754,恒大天府半岛三期,天府新区锦江生态带,4室2厅2卫,平层,低楼层 (共48层)咨询楼层,暂无咨询套内面积,东北,精装,有,154.59㎡,板楼,暂无数据实际层高需现场测量，具体数据以实际测量为准,钢混结构,两梯四户,2025年04月14日,2022年02月28日,满两年,有抵押 250万元 成都银行 金融公司垫资,20251544123,商品房,普通住宅,非共有,已上传房本照片
215万,17790,麓云,天府新区麓山,4室2厅2卫,平层,中楼层 (共32层)咨询楼层,暂无咨询套内面积,南,精装,有,120.86㎡,板塔结合,暂无数据实际层高需现场测量，具体数据以实际测量为准,框架结构,三梯六户,2025年04月14日,2024年07月18日,未满两年,有抵押 115万元 交通银行 客户偿还,20251544524,商品房,普通住宅,共有,已上传房本照片
205万,18827,和睦人家三期,金牛营门口,3室1厅1卫,平层,中楼层 (共6层)咨询楼层,暂无咨询套内面积,南,精装,,108.89㎡,板楼,暂无数据实际层高需现场测量，具体数据以实际测量为准,框架结构,暂无数据,2025年04月14日,2022年07月16日,满两年,无抵押,20251548106,商品房,普通住宅,非共有,已上传房本照片
70万,9971,菊乐路180号,武侯双楠,2室1厅1卫,平层,高楼层 (共7层)咨询楼层,暂无咨询套内面积,东南 南,精装,,70.21㎡,板楼,暂无数据实际层高需现场测量，具体数据以实际测量为准,混合结构,暂无数据,2025年04月14日,2000年01月01日,满五年,无抵押,20251549033,已购公房,普通住宅,非共有,已上传房本照片
175万,16351,百悦天鹅湖,龙泉驿大面,3室2厅2卫,平层,低楼层 (共32层)咨询楼层,暂无咨询套内面积,西南,其他,有,107.03㎡,板塔结合,暂无数据实际层高需现场测量，具体数据以实际测量为准,钢混结构,两梯四户,2025年04月14日,2019年09月19日,满五年,有抵押 建行30万,20251543999,商品房,普通住宅,共有,已上传房本照片
100万,15212,光辉岁月,锦江合江亭,1室1厅1卫,平层,中楼层 (共12层)咨询楼层,暂无咨询套内面积,东南 南,简装,有,65.74㎡,板塔结合,暂无数据实际层高需现场测量，具体数据以实际测量为准,框架结构,两梯十七户,2025年04月14日,2005年07月22日,满五年,有抵押,20251547208,商品房,普通住宅,非共有,已上传房本照片
135万,16988,中铁城锦南汇,高新中德,2室1厅1卫,平层,低楼层 (共39层)咨询楼层,暂无咨询套内面积,东,其他,有,79.47㎡,塔楼,暂无数据实际层高需现场测量，具体数据以实际测量为准,钢混结构,两梯六户,2025年04月14日,2018年05月17日,满五年,有抵押 业主自还,20251544222,商品房,普通住宅,共有,已上传房本照片
66万,7807,中冶堰景,都江堰都江堰,2室1厅1卫,平层,高楼层 (共11层)咨询楼层,暂无咨询套内面积,南,其他,有,84.55㎡,板楼,暂无数据实际层高需现场测量，具体数据以实际测量为准,钢混结构,十五梯三户,2025年04月14日,2025年04月14日,未满两年,无抵押,20251543874,商品房,普通住宅,非共有,已上传房本照片
350万,25589,龙湖铜雀台,成华SM广场,3室2厅2卫,平层,中楼层 (共7层)咨询楼层,123.29㎡,东,其他,有,136.78㎡,板楼,暂无数据实际层高需现场测量，具体数据以实际测量为准,钢混结构,一梯五户,2025年04月14日,2011年01月12日,满五年,无抵押,20251519015,商品房,普通住宅,非共有,已上传房本照片
85万,22505,长顺中街37号,青羊宽窄巷子,1室1厅1卫,平层,中楼层 (共7层)咨询楼层,暂无咨询套内面积,南 北,其他,,37.77㎡,板楼,暂无数据实际层高需现场测量，具体数据以实际测量为准,混合结构,暂无数据,2025年04月14日,2004年01月01日,满五年,无抵押,20251547940,商品房,普通住宅,共有,已上传房本照片
154万,23928,成华奥园广场一期,成华万年场,2室1厅1卫,平层,低楼层 (共32层)咨询楼层,暂无咨询套内面积,南,精装,有,64.36㎡,板塔结合,暂无数据实际层高需现场测量，具体数据以实际测量为准,钢混结构,三梯八户,2025年04月14日,2022年04月24日,满两年,无抵押,20251544517,商品房,普通住宅,非共有,已上传房本照片
66万,6707,启明花园,郫都区犀浦,2室1厅1卫,平层,高楼层 (共6层)咨询楼层,暂无咨询套内面积,东南 西南,其他,,98.41㎡,板塔结合,暂无数据实际层高需现场测量，具体数据以实际测量为准,混合结构,暂无数据,2025年04月14日,2018年03月27日,满五年,暂无数据,20251543903,商品房,普通住宅,非共有,已上传房本照片
157万,14496,齐盛艺境,高新远大,3室1厅2卫,平层,低楼层 (共25层)咨询楼层,暂无咨询套内面积,南,精装,有,108.31㎡,板楼,暂无数据实际层高需现场测量，具体数据以实际测量为准,钢混结构,三梯六户,2025年04月14日,2010年05月31日,满五年,无抵押,20241289151,商品房,普通住宅,非共有,已上传房本照片
53万,5651,紫荆城,都江堰都江堰,2室2厅1卫,平层,高楼层 (共11层)咨询楼层,82.61㎡,东南,其他,有,93.8㎡,板塔结合,暂无数据实际层高需现场测量，具体数据以实际测量为准,钢混结构,一梯四户,2025年04月14日,2015年08月16日,满五年,无抵押,20251543804,商品房,普通住宅,非共有,已上传房本照片
148万,19947,瑞升花园,高新芳草,2室1厅1卫,平层,高楼层 (共7层)咨询楼层,暂无咨询套内面积,南 北,精装,,74.2㎡,板楼,暂无数据实际层高需现场测量，具体数据以实际测量为准,混合结构,暂无数据,2025年04月14日,2021年03月30日,满两年,无抵押,20251544124,商品房,普通住宅,共有,已上传房本照片
360万,47109,泡桐树街20号,青羊宽窄巷子,3室2厅1卫,平层,低楼层 (共7层)咨询楼层,暂无咨询套内面积,南,简装,,76.42㎡,板塔结合,暂无数据实际层高需现场测量，具体数据以实际测量为准,混合结构,暂无数据,2025年04月14日,2018年08月31日,满五年,无抵押,20251547781,商品房,普通住宅,非共有,已上传房本照片
199万,17261,中粮祥云里,金牛华侨城,3室1厅2卫,平层,低楼层 (共33层)咨询楼层,暂无咨询套内面积,东南,精装,有,115.29㎡,板塔结合,暂无数据实际层高需现场测量，具体数据以实际测量为准,钢混结构,两梯四户,2025年04月14日,2021年04月14日,满两年,有抵押 32万元 兴业银行成都分行 金融公司垫资,20251549315,商品房,普通住宅,非共有,已上传房本照片
83.8万,7049,时代花城豪庭二期,郫都区郫县城区,3室2厅1卫,平层,中楼层 (共11层)咨询楼层,94.9㎡,西北,其他,,118.89㎡,塔楼,暂无数据实际层高需现场测量，具体数据以实际测量为准,钢混结构,暂无数据,2025年04月14日,2010年12月16日,满五年,无抵押,20251544545,商品房,普通住宅,共有,已上传房本照片
48.8万,3458,金龙巷55号,崇州崇州城区,3室2厅2卫,平层,高楼层 (共6层)咨询楼层,暂无咨询套内面积,东南,精装,,141.13㎡,暂无数据,暂无数据实际层高需现场测量，具体数据以实际测量为准,钢混结构,暂无数据,2025年04月14日,2011年01月18日,满五年,无抵押,20240799476,商品房,普通住宅,共有,已上传房本照片
485万,31837,西派城D区,武侯簇桥,3室1厅2卫,平层,低楼层 (共13层)咨询楼层,暂无咨询套内面积,东南,精装,有,152.34㎡,板塔结合,暂无数据实际层高需现场测量，具体数据以实际测量为准,框架结构,两梯两户,2025年04月14日,2022年04月21日,满两年,无抵押,20251549605,商品房,普通住宅,非共有,已上传房本照片
95万,10303,佳乐澜郡夏宫,新都毗河,3室2厅2卫,平层,低楼层 (共32层)咨询楼层,暂无咨询套内面积,东南,其他,有,92.21㎡,塔楼,暂无数据实际层高需现场测量，具体数据以实际测量为准,钢混结构,两梯四户,2025年04月14日,2023年02月11日,满两年,有抵押,20251543705,商品房,普通住宅,共有,已上传房本照片
82万,10124,中央花园一期,武侯五大花园,4室1厅1卫,平层,中楼层 (共7层)咨询楼层,81㎡,东 东南 南,其他,,81㎡,板楼,暂无数据实际层高需现场测量，具体数据以实际测量为准,混合结构,暂无数据,2025年04月14日,2013年04月06日,满五年,无抵押,20251543668,商品房,普通住宅,非共有,已上传房本照片
72万,12475,水碾河南三街41号,锦江水碾河,2室1厅1卫,平层,低楼层 (共7层)咨询楼层,暂无咨询套内面积,南,简装,,57.72㎡,板楼,暂无数据实际层高需现场测量，具体数据以实际测量为准,混合结构,暂无数据,2025年04月14日,2007年03月02日,满五年,无抵押,20251543631,商品房,普通住宅,非共有,已上传房本照片
80万,9283,一环路北三段92号,金牛马鞍路,2室1厅2卫,平层,高楼层 (共7层)咨询楼层,暂无咨询套内面积,西南,简装,,86.18㎡,板塔结合,暂无数据实际层高需现场测量，具体数据以实际测量为准,混合结构,暂无数据,2025年04月14日,2002年01月12日,满五年,无抵押,20251543858,商品房,普通住宅,非共有,已上传房本照片
252万,19102,鸣翠路1号,青羊草堂,4室1厅2卫,错层,高楼层 (共7层)咨询楼层,暂无咨询套内面积,南,简装,有,131.93㎡,板楼,暂无数据实际层高需现场测量，具体数据以实际测量为准,框架结构,一梯两户,2025年04月14日,2017年04月28日,满五年,无抵押,20251544576,已购公房,普通住宅,非共有,已上传房本照片
106万,12745,龙湖弗莱明戈二期,郫都区郫县城区,3室2厅1卫,平层,中楼层 (共34层)咨询楼层,暂无咨询套内面积,东南 西北,精装,有,83.17㎡,塔楼,暂无数据实际层高需现场测量，具体数据以实际测量为准,钢混结构,三梯八户,2025年04月14日,2015年11月05日,满五年,有抵押 20万元 工商 业主自还,20251547209,商品房,普通住宅,共有,已上传房本照片
96万,11012,中房学府海棠一期,高新西高新西,2室1厅1卫,平层,低楼层 (共27层)咨询楼层,暂无咨询套内面积,东南,其他,有,87.18㎡,塔楼,暂无数据实际层高需现场测量，具体数据以实际测量为准,钢混结构,两梯五户,2025年04月14日,2017年05月05日,满五年,无抵押,20251543873,商品房,普通住宅,共有,已上传房本照片
158万,14818,千禧河畔D区,温江花都大道,3室2厅2卫,平层,高楼层 (共24层)咨询楼层,暂无咨询套内面积,南,精装,有,106.63㎡,板塔结合,暂无数据实际层高需现场测量，具体数据以实际测量为准,钢混结构,两梯六户,2025年04月14日,2022年11月22日,满两年,无抵押,20251548215,商品房,普通住宅,共有,已上传房本照片
126万,14520,金恒德时代金悦,温江温江新城,3室2厅1卫,平层,中楼层 (共31层)咨询楼层,暂无咨询套内面积,东南,精装,有,86.78㎡,板塔结合,暂无数据实际层高需现场测量，具体数据以实际测量为准,钢混结构,两梯六户,2025年04月14日,2020年10月21日,满两年,有抵押 业主自还,20251543838,商品房,普通住宅,共有,已上传房本照片
58万,6580,恒大银海湖,崇州羊马,3室2厅1卫,平层,高楼层 (共32层)咨询楼层,暂无咨询套内面积,西南,精装,有,88.15㎡,塔楼,暂无数据实际层高需现场测量，具体数据以实际测量为准,钢混结构,一梯六户,2025年04月14日,2019年11月16日,满五年,有抵押 43万元 中国工商银行 业主自还,20251544001,商品房,普通住宅,共有,已上传房本照片
98万,8618,花语岸,温江国色天乡,3室1厅2卫,平层,高楼层 (共18层)咨询楼层,暂无咨询套内面积,东,精装,有,113.72㎡,塔楼,暂无数据实际层高需现场测量，具体数据以实际测量为准,钢混结构,两梯四户,2025年04月14日,2018年07月10日,满五年,有抵押,20251452988,商品房,普通住宅,非共有,已上传房本照片
238万,17222,龙湖听蓝湾二期,新都大丰,4室1厅2卫,平层,高楼层 (共11层)咨询楼层,暂无咨询套内面积,南,精装,有,138.2㎡,板楼,暂无数据实际层高需现场测量，具体数据以实际测量为准,框架结构,一梯两户,2025年04月14日,2022年11月18日,满两年,有抵押 150万元 中国银行成都鹭洲里支行 客户偿还,20251543463,商品房,普通住宅,非共有,已上传房本照片
100万,10343,缤纷翡翠湾,新都大丰,3室2厅2卫,平层,高楼层 (共27层)咨询楼层,暂无咨询套内面积,西南,精装,有,96.69㎡,板塔结合,暂无数据实际层高需现场测量，具体数据以实际测量为准,钢混结构,两梯六户,2025年04月14日,2022年03月07日,满两年,有抵押,20251549680,商品房,普通住宅,共有,已上传房本照片
170万,14833,玺龙湾,温江温江老城,3室1厅2卫,平层,低楼层 (共32层)咨询楼层,暂无咨询套内面积,东南,简装,有,114.61㎡,板塔结合,暂无数据实际层高需现场测量，具体数据以实际测量为准,钢混结构,两梯四户,2025年04月14日,2025年04月14日,未满两年,无抵押,20251543605,商品房,普通住宅,非共有,已上传房本照片
248万,12598,理想中心,高新市一医院,1室1厅0卫,平层,中楼层 (共26层)咨询楼层,暂无咨询套内面积,西,精装,有,196.87㎡,板塔结合,暂无数据实际层高需现场测量，具体数据以实际测量为准,钢混结构,三梯八户,2025年04月14日,2011年05月19日,满五年,无抵押,20251543655,商品房,普通住宅,共有,已上传房本照片
90万,11722,兴元华盛一期,成华驷马桥,2室1厅1卫,平层,高楼层 (共18层)咨询楼层,暂无咨询套内面积,东北,精装,有,76.78㎡,板塔结合,暂无数据实际层高需现场测量，具体数据以实际测量为准,框架结构,两梯四户,2025年04月14日,2017年04月05日,满五年,无抵押,20251429136,商品房,普通住宅,非共有,已上传房本照片
100万,12311,洲际亚洲湾B区,温江光华大道沿线,2室2厅1卫,平层,中楼层 (共32层)咨询楼层,暂无咨询套内面积,东南,精装,有,81.23㎡,板塔结合,暂无数据实际层高需现场测量，具体数据以实际测量为准,钢混结构,两梯六户,2025年04月14日,2019年12月27日,满五年,无抵押,20251547003,商品房,普通住宅,非共有,已上传房本照片
81.8万,10148,美好小区,新都大丰,2室2厅1卫,平层,中楼层 (共18层)咨询楼层,暂无咨询套内面积,东,其他,有,80.61㎡,板塔结合,暂无数据实际层高需现场测量，具体数据以实际测量为准,钢混结构,一梯五户,2025年04月14日,2024年10月12日,未满两年,无抵押,20251544446,商品房,普通住宅,非共有,已上传房本照片
186万,16936,水岸华庭,成华万象城,3室1厅2卫,平层,低楼层 (共28层)咨询楼层,93.76㎡,东,简装,有,109.83㎡,塔楼,暂无数据实际层高需现场测量，具体数据以实际测量为准,钢混结构,两梯八户,2025年04月14日,2011年05月17日,满五年,无抵押,20251545299,商品房,普通住宅,非共有,已上传房本照片
200万,15066,瑞泰锦城,武侯五大花园,3室1厅2卫,平层,低楼层 (共17层)咨询楼层,暂无咨询套内面积,南,精装,有,132.75㎡,板楼,暂无数据实际层高需现场测量，具体数据以实际测量为准,框架结构,两梯四户,2025年04月14日,2008年01月01日,满五年,无抵押,20251543248,商品房,普通住宅,非共有,已上传房本照片
85万,10424,外双楠教师公寓,武侯外双楠,2室1厅1卫,平层,中楼层 (共7层)咨询楼层,暂无咨询套内面积,东南,其他,,81.55㎡,板楼,暂无数据实际层高需现场测量，具体数据以实际测量为准,混合结构,暂无数据,2025年04月14日,2024年11月08日,未满两年,有抵押 金融公司垫资,20251551743,商品房,普通住宅,非共有,已上传房本照片
158万,11490,上置雅宾利,郫都区红光,5室1厅2卫,平层,中楼层 (共11层)咨询楼层,暂无咨询套内面积,东南,精装,有,137.52㎡,板塔结合,暂无数据实际层高需现场测量，具体数据以实际测量为准,钢混结构,两梯两户,2025年04月14日,2024年11月12日,未满两年,有抵押 90万元 银行 业主自还,20251543756,商品房,普通住宅,非共有,已上传房本照片
64.8万,5301,青电花园,崇州崇州城区,4室2厅2卫,平层,中楼层 (共5层)咨询楼层,暂无咨询套内面积,东,其他,,122.26㎡,暂无数据,暂无数据实际层高需现场测量，具体数据以实际测量为准,混合结构,暂无数据,2025年04月14日,2022年02月24日,满两年,无抵押,20251544248,商品房,普通住宅,非共有,已上传房本照片
101万,19118,曹家巷恒大雅苑,金牛马鞍路,1室1厅1卫,平层,高楼层 (共30层)咨询楼层,暂无咨询套内面积,东南,精装,有,52.83㎡,板塔结合,暂无数据实际层高需现场测量，具体数据以实际测量为准,钢混结构,三梯八户,2025年04月14日,2019年03月08日,满五年,无抵押,20251543930,商品房,普通住宅,非共有,已上传房本照片
169万,12696,纬度18,双流东升镇,4室2厅2卫,错层,中楼层 (共6层)咨询楼层,暂无咨询套内面积,东南,其他,,133.12㎡,板塔结合,暂无数据实际层高需现场测量，具体数据以实际测量为准,钢混结构,暂无数据,2025年04月14日,2021年09月21日,满两年,无抵押,20251543723,商品房,普通住宅,共有,已上传房本照片
108万,8884,玺印上院,龙泉驿龙泉驿城区,3室2厅2卫,平层,中楼层 (共6层)咨询楼层,暂无咨询套内面积,南,其他,,121.57㎡,板楼,暂无数据实际层高需现场测量，具体数据以实际测量为准,砖混结构,暂无数据,2025年04月14日,2009年06月25日,满五年,无抵押,20251543135,商品房,普通住宅,非共有,已上传房本照片
139.8万,7740,金海岸·天府花园水城,金堂金堂,4室2厅2卫,平层,低楼层 (共6层)咨询楼层,暂无咨询套内面积,南,精装,,180.63㎡,暂无数据,暂无数据实际层高需现场测量，具体数据以实际测量为准,钢混结构,暂无数据,2025年04月14日,2017年11月30日,满五年,有抵押 客户偿还,20251543194,商品房,普通住宅,非共有,已上传房本照片
230万,19885,三和爱汀府,双流蛟龙港,4室2厅2卫,平层,中楼层 (共6层)咨询楼层,暂无咨询套内面积,南,精装,,115.67㎡,板塔结合,暂无数据实际层高需现场测量，具体数据以实际测量为准,框架结构,暂无数据,2025年04月14日,2017年05月13日,满五年,无抵押,20251455173,商品房,普通住宅,共有,已上传房本照片
48万,5897,恒大西辰绿洲,崇州羊马,2室2厅1卫,平层,高楼层 (共33层)咨询楼层,暂无咨询套内面积,南,其他,有,81.4㎡,塔楼,暂无数据实际层高需现场测量，具体数据以实际测量为准,钢混结构,三梯四户,2025年04月14日,2025年03月11日,未满两年,暂无数据,20251550190,商品房,普通住宅,非共有,已上传房本照片
118万,12300,石人西路8号,青羊府南新区,3室1厅1卫,平层,中楼层 (共7层)咨询楼层,暂无咨询套内面积,西,精装,,95.94㎡,板楼,暂无数据实际层高需现场测量，具体数据以实际测量为准,混合结构,暂无数据,2025年04月14日,2016年09月13日,满五年,无抵押,20251543075,商品房,普通住宅,非共有,已上传房本照片
126万,16475,南湖国际社区一期,天府新区南湖,2室2厅1卫,平层,高楼层 (共34层)咨询楼层,暂无咨询套内面积,西,精装,有,76.48㎡,板塔结合,暂无数据实际层高需现场测量，具体数据以实际测量为准,钢混结构,三梯六户,2025年04月14日,2022年02月22日,满两年,无抵押,20251543063,商品房,普通住宅,非共有,已上传房本照片
125万,18778,正黄上岭,武侯川音,2室1厅1卫,平层,高楼层 (共22层)咨询楼层,暂无咨询套内面积,东南,简装,有,66.57㎡,板塔结合,暂无数据实际层高需现场测量，具体数据以实际测量为准,框架结构,两梯八户,2025年04月14日,2021年12月30日,满两年,无抵押,20251543371,商品房,普通住宅,非共有,已上传房本照片
135万,14548,百悦城四期,龙泉驿大面,3室2厅1卫,平层,高楼层 (共41层)咨询楼层,73.8㎡,东南,精装,有,92.8㎡,塔楼,暂无数据实际层高需现场测量，具体数据以实际测量为准,框架结构,三梯七户,2025年04月14日,2019年08月01日,满五年,有抵押 2万，5月份就准备还了。 客户偿还,20251552737,商品房,普通住宅,非共有,已上传房本照片
,,,,,,,,,,,,,,,,,,,,,,,,
,,,,,,,,,,,,,,,,,,,,,,,,
240万,20791,远大中央公园四期,天府新区南湖,3室2厅2卫,平层,高楼层 (共32层)咨询楼层,暂无咨询套内面积,南,精装,有,115.44㎡,塔楼,暂无数据实际层高需现场测量，具体数据以实际测量为准,钢混结构,三梯六户,2025年04月14日,2023年03月23日,满两年,有抵押 90万元 业主自还,20251550268,商品房,普通住宅,非共有,已上传房本照片
,,,,,,,,,,,,,,,,,,,,,,,,
,,,,,,,,,,,,,,,,,,,,,,,,
230万,17034,锦官新城西区,武侯航空路,3室1厅2卫,平层,中楼层 (共18层)咨询楼层,暂无咨询套内面积,北,其他,有,135.03㎡,塔楼,暂无数据实际层高需现场测量，具体数据以实际测量为准,框架结构,两梯六户,2025年04月14日,2018年01月09日,满五年,有抵押 89万元 中信银行 业主自还,20251544838,商品房,普通住宅,共有,已上传房本照片
,,,,,,,,,,,,,,,,,,,,,,,,
,,,,,,,,,,,,,,,,,,,,,,,,
,,,,,,,,,,,,,,,,,,,,,,,,
,,,,,,,,,,,,,,,,,,,,,,,,
,,,,,,,,,,,,,,,,,,,,,,,,
,,,,,,,,,,,,,,,,,,,,,,,,
,,,,,,,,,,,,,,,,,,,,,,,,
,,,,,,,,,,,,,,,,,,,,,,,,
,,,,,,,,,,,,,,,,,,,,,,,,
,,,,,,,,,,,,,,,,,,,,,,,,
,,,,,,,,,,,,,,,,,,,,,,,,
,,,,,,,,,,,,,,,,,,,,,,,,
,,,,,,,,,,,,,,,,,,,,,,,,
,,,,,,,,,,,,,,,,,,,,,,,,
,,,,,,,,,,,,,,,,,,,,,,,,
